,ghi,dni,dhi,temp_air,wind_speed,mydatetime,myTZtimestamp,Rad1h,TTT,PPPP,FF,Rad1wh,Rad1Energy,mytimestamp,ACSim,CellTempSim,DCSim
2023-02-10 04:00:00+00:00,0.0,0.0,0.0,-7.58,1.54,2023-02-10 04:00:00.000,2023-02-10 04:00:00,0.0,-7.58,103930.0,1.54,0.0,0.0,1675998000.0,-3.0,-7.58,0.0
2023-02-10 05:00:00+00:00,0.0,0.0,0.0,-7.48,1.54,2023-02-10 05:00:00.000,2023-02-10 05:00:00,0.0,-7.48,103960.0,1.54,0.0,0.0,1676001600.0,-3.0,-7.48,0.0
2023-02-10 06:00:00+00:00,0.0,0.0,0.0,-6.98,1.54,2023-02-10 06:00:00.000,2023-02-10 06:00:00,0.0,-6.98,103990.0,1.54,0.0,0.0,1676005200.0,-3.0,-6.98,0.0
2023-02-10 07:00:00+00:00,2.7777800000000004,0.0,2.7777800000000004,-6.28,1.54,2023-02-10 07:00:00.000,2023-02-10 07:00:00,10.0,-6.28,104030.0,1.54,2.7777800000000004,67.73338752000001,1676008800.0,35.61155892710285,-6.203770414904094,64.44315011158321
2023-02-10 08:00:00+00:00,33.333360000000006,0.0,33.25420689194236,-4.98,1.54,2023-02-10 08:00:00.000,2023-02-10 08:00:00,120.0,-4.98,104060.0,1.54,33.333360000000006,812.8006502400002,1676012400.0,808.2881640458008,-4.067366196133652,842.0053253115142
2023-02-10 09:00:00+00:00,91.66674,0.0,91.06814462031406,-3.18,2.06,2023-02-10 09:00:00.000,2023-02-10 09:00:00,330.0,-3.18,104080.0,2.06,91.66674,2235.20178816,1676016000.0,2308.83119344564,-0.7492265418266274,2357.9124194360525
2023-02-10 10:00:00+00:00,150.00012,0.0,148.3972695618327,-1.78,2.06,2023-02-10 10:00:00.000,2023-02-10 10:00:00,540.0,-1.78,104060.0,2.06,150.00012,3657.60292608,1676019600.0,3785.740674926682,2.181384245206303,3859.9944129536584
2023-02-10 11:00:00+00:00,191.66682000000003,0.0,189.04982036484412,-0.58,2.06,2023-02-10 11:00:00.000,2023-02-10 11:00:00,690.0,-0.58,104030.0,2.06,191.66682000000003,4673.6037388800005,1676023200.0,4813.451430996451,4.466941926426733,4911.278020961217
2023-02-10 12:00:00+00:00,213.88906000000003,0.0,210.63004071059876,0.32,2.57,2023-02-10 12:00:00.000,2023-02-10 12:00:00,770.0,0.32,103980.0,2.57,213.88906000000003,5215.470839040001,1676026800.0,5349.932779505818,5.791959933497349,5462.072433866444
2023-02-10 13:00:00+00:00,205.55572,0.0,202.5457031963634,0.72,2.57,2023-02-10 13:00:00.000,2023-02-10 13:00:00,740.0,0.72,103940.0,2.57,205.55572,5012.2706764800005,1676030400.0,5136.846823747421,5.981861363527153,5243.067754010405
2023-02-10 14:00:00+00:00,175.00014000000002,0.0,172.81848245916117,1.12,2.57,2023-02-10 14:00:00.000,2023-02-10 14:00:00,630.0,1.12,103910.0,2.57,175.00014000000002,4267.20341376,1676034000.0,4372.262235974622,5.609353184332054,4459.1547009535425
2023-02-10 15:00:00+00:00,125.00010000000002,0.0,123.88700941793937,1.02,2.57,2023-02-10 15:00:00.000,2023-02-10 15:00:00,450.0,1.02,103890.0,2.57,125.00010000000002,3048.0024384000003,1676037600.0,3118.5987707927147,4.237972224760261,3179.9240544029844
2023-02-10 16:00:00+00:00,55.555600000000005,0.0,55.555600000000005,0.42,2.57,2023-02-10 16:00:00.000,2023-02-10 16:00:00,200.0,0.42,103900.0,2.57,55.555600000000005,1354.6677504000002,1676041200.0,1361.864273835241,1.8627558541254432,1399.7447565794746
2023-02-10 17:00:00+00:00,8.333340000000002,0.0,8.333340000000002,-0.18,2.06,2023-02-10 17:00:00.000,2023-02-10 17:00:00,30.0,-0.18,103920.0,2.06,8.333340000000002,203.20016256000005,1676044800.0,167.07104604479395,0.04239762393810269,196.51874898997926
2023-02-10 18:00:00+00:00,0.0,0.0,0.0,-1.08,2.06,2023-02-10 18:00:00.000,2023-02-10 18:00:00,0.0,-1.08,103950.0,2.06,0.0,0.0,1676048400.0,-3.0,-1.08,0.0
2023-02-10 19:00:00+00:00,0.0,0.0,0.0,-1.48,2.06,2023-02-10 19:00:00.000,2023-02-10 19:00:00,0.0,-1.48,103950.0,2.06,0.0,0.0,1676052000.0,-3.0,-1.48,0.0
2023-02-10 20:00:00+00:00,0.0,0.0,0.0,-1.78,2.06,2023-02-10 20:00:00.000,2023-02-10 20:00:00,0.0,-1.78,103970.0,2.06,0.0,0.0,1676055600.0,-3.0,-1.78,0.0
2023-02-10 21:00:00+00:00,0.0,0.0,0.0,-1.88,2.06,2023-02-10 21:00:00.000,2023-02-10 21:00:00,0.0,-1.88,103960.0,2.06,0.0,0.0,1676059200.0,-3.0,-1.88,0.0
2023-02-10 22:00:00+00:00,0.0,0.0,0.0,-2.08,2.06,2023-02-10 22:00:00.000,2023-02-10 22:00:00,0.0,-2.08,103950.0,2.06,0.0,0.0,1676062800.0,-3.0,-2.08,0.0
2023-02-10 23:00:00+00:00,0.0,0.0,0.0,-2.18,2.06,2023-02-10 23:00:00.000,2023-02-10 23:00:00,0.0,-2.18,103940.0,2.06,0.0,0.0,1676066400.0,-3.0,-2.18,0.0
2023-02-11 00:00:00+00:00,0.0,0.0,0.0,-2.28,2.57,2023-02-11 00:00:00.000,2023-02-11 00:00:00,0.0,-2.28,103910.0,2.57,0.0,0.0,1676070000.0,-3.0,-2.28,0.0
2023-02-11 01:00:00+00:00,0.0,0.0,0.0,-2.48,2.57,2023-02-11 01:00:00.000,2023-02-11 01:00:00,0.0,-2.48,103870.0,2.57,0.0,0.0,1676073600.0,-3.0,-2.48,0.0
2023-02-11 02:00:00+00:00,0.0,0.0,0.0,-2.28,2.06,2023-02-11 02:00:00.000,2023-02-11 02:00:00,0.0,-2.28,103830.0,2.06,0.0,0.0,1676077200.0,-3.0,-2.28,0.0
2023-02-11 03:00:00+00:00,0.0,0.0,0.0,-2.08,2.57,2023-02-11 03:00:00.000,2023-02-11 03:00:00,0.0,-2.08,103800.0,2.57,0.0,0.0,1676080800.0,-3.0,-2.08,0.0
2023-02-11 04:00:00+00:00,0.0,0.0,0.0,-1.78,2.57,2023-02-11 04:00:00.000,2023-02-11 04:00:00,0.0,-1.78,103770.0,2.57,0.0,0.0,1676084400.0,-3.0,-1.78,0.0
2023-02-11 05:00:00+00:00,0.0,0.0,0.0,-1.58,2.57,2023-02-11 05:00:00.000,2023-02-11 05:00:00,0.0,-1.58,103760.0,2.57,0.0,0.0,1676088000.0,-3.0,-1.58,0.0
2023-02-11 06:00:00+00:00,0.0,0.0,0.0,-1.28,2.57,2023-02-11 06:00:00.000,2023-02-11 06:00:00,0.0,-1.28,103740.0,2.57,0.0,0.0,1676091600.0,-3.0,-1.28,0.0
2023-02-11 07:00:00+00:00,2.7777800000000004,0.0,2.7777800000000004,-0.78,2.57,2023-02-11 07:00:00.000,2023-02-11 07:00:00,10.0,-0.78,103740.0,2.57,2.7777800000000004,67.73338752000001,1676095200.0,34.309357032287764,-0.7078622072937278,62.76562687488397
2023-02-11 08:00:00+00:00,25.000020000000003,0.0,24.955479678567766,0.02,3.09,2023-02-11 08:00:00.000,2023-02-11 08:00:00,90.0,0.02,103730.0,3.09,25.000020000000003,609.6004876800001,1676098800.0,581.3741558661719,0.6503881642133122,613.2370482091775
2023-02-11 09:00:00+00:00,58.333380000000005,0.0,58.09088269442447,0.62,3.09,2023-02-11 09:00:00.000,2023-02-11 09:00:00,210.0,0.62,103740.0,3.09,58.333380000000005,1422.40113792,1676102400.0,1426.346816982943,2.0874876202232526,1464.8299023953045
2023-02-11 10:00:00+00:00,102.77786,0.0,102.025073579744,1.32,3.09,2023-02-11 10:00:00.000,2023-02-11 10:00:00,370.0,1.32,103740.0,3.09,102.77786,2506.1353382400002,1676106000.0,2553.250819289492,3.897543612637439,2605.4462040372446
2023-02-11 11:00:00+00:00,133.33344000000002,0.0,132.06651530148298,1.82,3.6,2023-02-11 11:00:00.000,2023-02-11 11:00:00,480.0,1.82,103730.0,3.6,133.33344000000002,3251.202600960001,1676109600.0,3321.382872500379,5.067448871135833,3386.2853796848362
2023-02-11 12:00:00+00:00,141.66678000000002,0.0,140.23654078956477,2.22,3.6,2023-02-11 12:00:00.000,2023-02-11 12:00:00,510.0,2.22,103700.0,3.6,141.66678000000002,3454.4027635200005,1676113200.0,3525.813087757892,5.668394649977363,3594.5379233194935
2023-02-11 13:00:00+00:00,136.11122,0.0,134.79095689186659,2.62,3.6,2023-02-11 13:00:00.000,2023-02-11 13:00:00,490.0,2.62,103680.0,3.6,136.11122,3318.93598848,1676116800.0,3381.22167171744,5.934457199711826,3447.1613546443205
2023-02-11 14:00:00+00:00,116.66676000000001,0.0,115.6967707776979,2.62,3.6,2023-02-11 14:00:00.000,2023-02-11 14:00:00,420.0,2.62,103670.0,3.6,116.66676000000001,2844.80227584,1676120400.0,2892.0162707735562,5.46484445147473,2949.385442529977
2023-02-11 15:00:00+00:00,75.00006,0.0,74.59919710710984,2.82,3.09,2023-02-11 15:00:00.000,2023-02-11 15:00:00,270.0,2.82,103670.0,3.09,75.00006,1828.80146304,1676124000.0,1836.051867630686,4.704572449824876,1878.698568660442
2023-02-11 16:00:00+00:00,36.111140000000006,0.0,36.111140000000006,2.62,3.09,2023-02-11 16:00:00.000,2023-02-11 16:00:00,130.0,2.62,103690.0,3.09,36.111140000000006,880.5340377600002,1676127600.0,855.8631233173902,3.532147654911743,889.3885539162818
2023-02-11 17:00:00+00:00,5.555560000000001,0.0,5.555560000000001,2.72,2.57,2023-02-11 17:00:00.000,2023-02-11 17:00:00,20.0,2.72,103720.0,2.57,5.555560000000001,135.46677504000002,1676131200.0,98.33737933355211,2.864275585412545,127.13992182785933
2023-02-11 18:00:00+00:00,0.0,0.0,0.0,2.62,2.06,2023-02-11 18:00:00.000,2023-02-11 18:00:00,0.0,2.62,103760.0,2.06,0.0,0.0,1676134800.0,-3.0,2.62,0.0
2023-02-11 19:00:00+00:00,0.0,0.0,0.0,2.62,2.06,2023-02-11 19:00:00.000,2023-02-11 19:00:00,0.0,2.62,103790.0,2.06,0.0,0.0,1676138400.0,-3.0,2.62,0.0
2023-02-11 20:00:00+00:00,0.0,0.0,0.0,2.62,2.06,2023-02-11 20:00:00.000,2023-02-11 20:00:00,0.0,2.62,103820.0,2.06,0.0,0.0,1676142000.0,-3.0,2.62,0.0
2023-02-11 21:00:00+00:00,0.0,0.0,0.0,2.52,1.54,2023-02-11 21:00:00.000,2023-02-11 21:00:00,0.0,2.52,103840.0,1.54,0.0,0.0,1676145600.0,-3.0,2.52,0.0
2023-02-11 22:00:00+00:00,0.0,0.0,0.0,2.82,1.54,2023-02-11 22:00:00.000,2023-02-11 22:00:00,0.0,2.82,103870.0,1.54,0.0,0.0,1676149200.0,-3.0,2.82,0.0
2023-02-11 23:00:00+00:00,0.0,0.0,0.0,2.62,1.54,2023-02-11 23:00:00.000,2023-02-11 23:00:00,0.0,2.62,103880.0,1.54,0.0,0.0,1676152800.0,-3.0,2.62,0.0
2023-02-12 00:00:00+00:00,0.0,0.0,0.0,2.62,1.54,2023-02-12 00:00:00.000,2023-02-12 00:00:00,0.0,2.62,103890.0,1.54,0.0,0.0,1676156400.0,-3.0,2.62,0.0
2023-02-12 01:00:00+00:00,0.0,0.0,0.0,2.42,1.54,2023-02-12 01:00:00.000,2023-02-12 01:00:00,0.0,2.42,103910.0,1.54,0.0,0.0,1676160000.0,-3.0,2.42,0.0
2023-02-12 02:00:00+00:00,0.0,0.0,0.0,2.32,1.54,2023-02-12 02:00:00.000,2023-02-12 02:00:00,0.0,2.32,103890.0,1.54,0.0,0.0,1676163600.0,-3.0,2.32,0.0
2023-02-12 03:00:00+00:00,0.0,0.0,0.0,2.22,1.54,2023-02-12 03:00:00.000,2023-02-12 03:00:00,0.0,2.22,103890.0,1.54,0.0,0.0,1676167200.0,-3.0,2.22,0.0
2023-02-12 04:00:00+00:00,0.0,0.0,0.0,2.22,1.54,2023-02-12 04:00:00.000,2023-02-12 04:00:00,0.0,2.22,103890.0,1.54,0.0,0.0,1676170800.0,-3.0,2.22,0.0
2023-02-12 05:00:00+00:00,0.0,0.0,0.0,2.12,1.54,2023-02-12 05:00:00.000,2023-02-12 05:00:00,0.0,2.12,103910.0,1.54,0.0,0.0,1676174400.0,-3.0,2.12,0.0
2023-02-12 06:00:00+00:00,0.0,0.0,0.0,2.32,1.54,2023-02-12 06:00:00.000,2023-02-12 06:00:00,0.0,2.32,103910.0,1.54,0.0,0.0,1676178000.0,-3.0,2.32,0.0
2023-02-12 07:00:00+00:00,0.0,0.0,0.0,2.32,1.54,2023-02-12 07:00:00.000,2023-02-12 07:00:00,0.0,2.32,103950.0,1.54,0.0,0.0,1676181600.0,-3.0,2.32,0.0
2023-02-12 08:00:00+00:00,16.666680000000003,0.0,16.646876716676115,2.42,1.54,2023-02-12 08:00:00.000,2023-02-12 08:00:00,60.0,2.42,103980.0,1.54,16.666680000000003,406.4003251200001,1676185200.0,368.3579554396134,2.876846804101519,398.7939146418326
2023-02-12 09:00:00+00:00,41.666700000000006,0.0,41.542929479225705,2.92,1.54,2023-02-12 09:00:00.000,2023-02-12 09:00:00,150.0,2.92,103990.0,1.54,41.666700000000006,1016.0008128000002,1676188800.0,991.9891575542225,4.060126860976597,1026.5077475887774
2023-02-12 10:00:00+00:00,72.22228000000001,0.0,71.85041834647367,3.32,1.54,2023-02-12 10:00:00.000,2023-02-12 10:00:00,260.0,3.32,104020.0,1.54,72.22228000000001,1761.0680755200003,1676192400.0,1761.1523096820542,5.292003724261069,1802.898822693719
2023-02-12 11:00:00+00:00,102.77786,0.0,102.02478514248881,4.22,1.54,2023-02-12 11:00:00.000,2023-02-12 11:00:00,370.0,4.22,103980.0,1.54,102.77786,2506.1353382400002,1676196000.0,2523.010880749505,7.020313060693077,2574.4959165424525
2023-02-12 12:00:00+00:00,125.00010000000002,0.0,123.88616531303131,4.82,1.54,2023-02-12 12:00:00.000,2023-02-12 12:00:00,450.0,4.82,103920.0,1.54,125.00010000000002,3048.0024384000003,1676199600.0,3072.1502472781826,8.220479090157784,3132.3193664004066
2023-02-12 13:00:00+00:00,130.55566000000002,0.0,129.3405085315981,4.92,2.06,2023-02-12 13:00:00.000,2023-02-12 13:00:00,470.0,4.92,103890.0,2.06,130.55566000000002,3183.4692134400007,1676203200.0,3210.412997399447,8.37256054503677,3273.0038191420463
2023-02-12 14:00:00+00:00,116.66676000000001,0.0,115.69639911712949,5.02,2.06,2023-02-12 14:00:00.000,2023-02-12 14:00:00,420.0,5.02,103820.0,2.06,116.66676000000001,2844.80227584,1676206800.0,2863.1293639677574,8.108277493979728,2919.797748290567
2023-02-12 15:00:00+00:00,83.33340000000001,0.0,82.83831791690281,4.92,2.06,2023-02-12 15:00:00.000,2023-02-12 15:00:00,300.0,4.92,103810.0,2.06,83.33340000000001,2032.0016256000004,1676210400.0,2029.4686331314376,7.131073565323012,2074.243544148536
2023-02-12 16:00:00+00:00,41.666700000000006,0.0,41.666700000000006,4.12,2.06,2023-02-12 16:00:00.000,2023-02-12 16:00:00,150.0,4.12,103820.0,2.06,41.666700000000006,1016.0008128000002,1676214000.0,990.2868545057585,5.231988119690514,1024.7079183152775
2023-02-12 17:00:00+00:00,8.333340000000002,0.0,8.333340000000002,3.32,2.06,2023-02-12 17:00:00.000,2023-02-12 17:00:00,30.0,3.32,103850.0,2.06,8.333340000000002,203.20016256000005,1676217600.0,164.22156596529828,3.5423976239381028,193.42448518296985
2023-02-12 18:00:00+00:00,0.0,0.0,0.0,2.42,2.06,2023-02-12 18:00:00.000,2023-02-12 18:00:00,0.0,2.42,103870.0,2.06,0.0,0.0,1676221200.0,-3.0,2.42,0.0
2023-02-12 19:00:00+00:00,0.0,0.0,0.0,2.12,2.57,2023-02-12 19:00:00.000,2023-02-12 19:00:00,0.0,2.12,103870.0,2.57,0.0,0.0,1676224800.0,-3.0,2.12,0.0
2023-02-12 20:00:00+00:00,0.0,0.0,0.0,1.82,2.06,2023-02-12 20:00:00.000,2023-02-12 20:00:00,0.0,1.82,103900.0,2.06,0.0,0.0,1676228400.0,-3.0,1.82,0.0
2023-02-12 21:00:00+00:00,0.0,0.0,0.0,1.62,2.06,2023-02-12 21:00:00.000,2023-02-12 21:00:00,0.0,1.62,103910.0,2.06,0.0,0.0,1676232000.0,-3.0,1.62,0.0
2023-02-12 22:00:00+00:00,0.0,0.0,0.0,1.42,2.06,2023-02-12 22:00:00.000,2023-02-12 22:00:00,0.0,1.42,103910.0,2.06,0.0,0.0,1676235600.0,-3.0,1.42,0.0
2023-02-12 23:00:00+00:00,0.0,0.0,0.0,1.32,2.06,2023-02-12 23:00:00.000,2023-02-12 23:00:00,0.0,1.32,103920.0,2.06,0.0,0.0,1676239200.0,-3.0,1.32,0.0
2023-02-13 00:00:00+00:00,0.0,0.0,0.0,1.22,2.06,2023-02-13 00:00:00.000,2023-02-13 00:00:00,0.0,1.22,103900.0,2.06,0.0,0.0,1676242800.0,-3.0,1.22,-0.0
2023-02-13 01:00:00+00:00,0.0,0.0,0.0,1.12,1.54,2023-02-13 01:00:00.000,2023-02-13 01:00:00,0.0,1.12,103910.0,1.54,0.0,0.0,1676246400.0,-3.0,1.12,0.0
2023-02-13 02:00:00+00:00,0.0,0.0,0.0,1.02,1.54,2023-02-13 02:00:00.000,2023-02-13 02:00:00,0.0,1.02,103900.0,1.54,0.0,0.0,1676250000.0,-3.0,1.02,0.0
2023-02-13 03:00:00+00:00,0.0,0.0,0.0,0.92,1.54,2023-02-13 03:00:00.000,2023-02-13 03:00:00,0.0,0.92,103900.0,1.54,0.0,0.0,1676253600.0,-3.0,0.92,-0.0
2023-02-13 04:00:00+00:00,0.0,0.0,0.0,0.92,1.54,2023-02-13 04:00:00.000,2023-02-13 04:00:00,0.0,0.92,103890.0,1.54,0.0,0.0,1676257200.0,-3.0,0.92,-0.0
2023-02-13 05:00:00+00:00,0.0,0.0,0.0,0.92,1.54,2023-02-13 05:00:00.000,2023-02-13 05:00:00,0.0,0.92,103900.0,1.54,0.0,0.0,1676260800.0,-3.0,0.92,-0.0
2023-02-13 06:00:00+00:00,0.0,0.0,0.0,0.92,1.54,2023-02-13 06:00:00.000,2023-02-13 06:00:00,0.0,0.92,103920.0,1.54,0.0,0.0,1676264400.0,-3.0,0.92,-0.0
2023-02-13 07:00:00+00:00,2.7777800000000004,0.0,2.7777800000000004,1.22,1.54,2023-02-13 07:00:00.000,2023-02-13 07:00:00,10.0,1.22,103940.0,1.54,2.7777800000000004,67.73338752000001,1676268000.0,33.83365925237218,1.2962295850959067,62.15324465609626
2023-02-13 08:00:00+00:00,19.444460000000003,0.0,19.417494987695097,1.72,1.54,2023-02-13 08:00:00.000,2023-02-13 08:00:00,70.0,1.72,103930.0,1.54,19.444460000000003,474.13371264000006,1676271600.0,438.41912631303194,2.252884462642999,469.30404522272875
2023-02-13 09:00:00+00:00,52.777820000000006,0.0,52.5791593991414,2.12,1.54,2023-02-13 09:00:00.000,2023-02-13 09:00:00,190.0,2.12,103950.0,1.54,52.777820000000006,1286.9343628800002,1676275200.0,1276.3855034377375,3.5630382285929754,1313.3461414007047
2023-02-13 10:00:00+00:00,83.33340000000001,0.0,82.83812426378742,2.62,2.06,2023-02-13 10:00:00.000,2023-02-13 10:00:00,300.0,2.62,103940.0,2.06,83.33340000000001,2032.0016256000004,1676278800.0,2047.7029963189866,4.831068518396223,2092.891132526859
2023-02-13 11:00:00+00:00,108.33342,0.0,107.49640400580073,3.52,2.06,2023-02-13 11:00:00.000,2023-02-13 11:00:00,390.0,3.52,103920.0,2.06,108.33342,2641.60211328,1676282400.0,2670.23897048728,6.389355062731016,2723.995489140514
2023-02-13 12:00:00+00:00,130.55566000000002,0.0,129.3400332207849,4.12,2.06,2023-02-13 12:00:00.000,2023-02-13 12:00:00,470.0,4.12,103880.0,2.06,130.55566000000002,3183.4692134400007,1676286000.0,3220.1258639983403,7.572548157635351,3282.9614096289342
2023-02-13 13:00:00+00:00,125.00010000000002,0.0,123.88572959352169,4.32,2.06,2023-02-13 13:00:00.000,2023-02-13 13:00:00,450.0,4.32,103840.0,2.06,125.00010000000002,3048.0024384000003,1676289600.0,3079.06412723379,7.626921986855731,3139.4045991335993
2023-02-13 14:00:00+00:00,119.44454000000002,0.0,118.42702351526992,4.42,2.06,2023-02-13 14:00:00.000,2023-02-13 14:00:00,430.0,4.42,103780.0,2.06,119.44454000000002,2912.5356633600004,1676293200.0,2939.1287333245823,7.581181080778467,2997.095320862637
2023-02-13 15:00:00+00:00,88.88896000000001,0.0,88.3254462734648,4.52,2.06,2023-02-13 15:00:00.000,2023-02-13 15:00:00,320.0,4.52,103770.0,2.06,88.88896000000001,2167.4684006400003,1676296800.0,2172.25161893386,6.8775552039081616,2218.8700801022883
2023-02-13 16:00:00+00:00,44.444480000000006,0.0,44.444480000000006,3.82,2.06,2023-02-13 16:00:00.000,2023-02-13 16:00:00,160.0,3.82,103740.0,2.06,44.444480000000006,1083.7342003200001,1676300400.0,1061.712495517399,5.006120661003214,1096.7201174014463
2023-02-13 17:00:00+00:00,8.333340000000002,0.0,8.333340000000002,2.82,2.06,2023-02-13 17:00:00.000,2023-02-13 17:00:00,30.0,2.82,103750.0,2.06,8.333340000000002,203.20016256000005,1676304000.0,164.62887251052024,3.0423976239381028,193.86673057034
2023-02-13 18:00:00+00:00,0.0,0.0,0.0,2.02,2.06,2023-02-13 18:00:00.000,2023-02-13 18:00:00,0.0,2.02,103760.0,2.06,0.0,0.0,1676307600.0,-3.0,2.02,-0.0
2023-02-13 19:00:00+00:00,0.0,0.0,0.0,1.52,2.06,2023-02-13 19:00:00.000,2023-02-13 19:00:00,0.0,1.52,103770.0,2.06,0.0,0.0,1676311200.0,-3.0,1.52,-0.0
2023-02-13 20:00:00+00:00,0.0,0.0,0.0,1.12,2.06,2023-02-13 20:00:00.000,2023-02-13 20:00:00,0.0,1.12,103790.0,2.06,0.0,0.0,1676314800.0,-3.0,1.12,0.0
2023-02-13 21:00:00+00:00,0.0,0.0,0.0,1.02,1.54,2023-02-13 21:00:00.000,2023-02-13 21:00:00,0.0,1.02,103820.0,1.54,0.0,0.0,1676318400.0,-3.0,1.02,0.0
2023-02-13 22:00:00+00:00,0.0,0.0,0.0,0.82,1.54,2023-02-13 22:00:00.000,2023-02-13 22:00:00,0.0,0.82,103790.0,1.54,0.0,0.0,1676322000.0,-3.0,0.82,-0.0
2023-02-13 23:00:00+00:00,0.0,0.0,0.0,0.62,1.54,2023-02-13 23:00:00.000,2023-02-13 23:00:00,0.0,0.62,103790.0,1.54,0.0,0.0,1676325600.0,-3.0,0.62,0.0
2023-02-14 00:00:00+00:00,0.0,0.0,0.0,0.52,1.54,2023-02-14 00:00:00.000,2023-02-14 00:00:00,0.0,0.52,103770.0,1.54,0.0,0.0,1676329200.0,-3.0,0.52,-0.0
2023-02-14 01:00:00+00:00,0.0,0.0,0.0,0.32,1.54,2023-02-14 01:00:00.000,2023-02-14 01:00:00,0.0,0.32,103760.0,1.54,0.0,0.0,1676332800.0,-3.0,0.32,-0.0
2023-02-14 02:00:00+00:00,0.0,0.0,0.0,0.22,1.54,2023-02-14 02:00:00.000,2023-02-14 02:00:00,0.0,0.22,103750.0,1.54,0.0,0.0,1676336400.0,-3.0,0.22,0.0
2023-02-14 03:00:00+00:00,0.0,0.0,0.0,0.12,1.54,2023-02-14 03:00:00.000,2023-02-14 03:00:00,0.0,0.12,103750.0,1.54,0.0,0.0,1676340000.0,-3.0,0.12,-0.0
2023-02-14 04:00:00+00:00,0.0,0.0,0.0,0.12,1.54,2023-02-14 04:00:00.000,2023-02-14 04:00:00,0.0,0.12,103750.0,1.54,0.0,0.0,1676343600.0,-3.0,0.12,-0.0
2023-02-14 05:00:00+00:00,0.0,0.0,0.0,-0.08,1.54,2023-02-14 05:00:00.000,2023-02-14 05:00:00,0.0,-0.08,103750.0,1.54,0.0,0.0,1676347200.0,-3.0,-0.08,0.0
2023-02-14 06:00:00+00:00,0.0,0.0,0.0,-0.08,1.54,2023-02-14 06:00:00.000,2023-02-14 06:00:00,0.0,-0.08,103750.0,1.54,0.0,0.0,1676350800.0,-3.0,-0.08,0.0
2023-02-14 07:00:00+00:00,2.7777800000000004,0.0,2.7777800000000004,0.02,1.54,2023-02-14 07:00:00.000,2023-02-14 07:00:00,10.0,0.02,103760.0,1.54,2.7777800000000004,67.73338752000001,1676354400.0,34.11854830051735,0.09622958509590655,62.519965290038705
2023-02-14 08:00:00+00:00,27.777800000000003,0.0,27.72274740432212,0.42,1.54,2023-02-14 08:00:00.000,2023-02-14 08:00:00,100.0,0.42,103780.0,1.54,27.777800000000003,677.3338752000001,1676358000.0,650.2341336888827,1.1808205012175852,682.5027715770573
2023-02-14 09:00:00+00:00,77.77784000000001,0.0,77.3462276498854,0.82,1.54,2023-02-14 09:00:00.000,2023-02-14 09:00:00,280.0,0.82,103780.0,1.54,77.77784000000001,1896.5348505600002,1676361600.0,1919.9697515976893,2.9428616407121764,1963.74433223721
2023-02-14 10:00:00+00:00,127.77788000000001,0.0,126.61296707545601,1.72,1.54,2023-02-14 10:00:00.000,2023-02-14 10:00:00,460.0,1.72,103760.0,1.54,127.77788000000001,3115.7358259200005,1676365200.0,3178.2027152157702,5.195342513881974,3240.496862813095
2023-02-14 11:00:00+00:00,163.88902000000002,0.0,161.97263914445293,2.62,2.06,2023-02-14 11:00:00.000,2023-02-14 11:00:00,590.0,2.62,103710.0,2.06,163.88902000000002,3996.2698636800005,1676368800.0,4070.6380987037383,6.943875820313349,4150.544515599112
2023-02-14 12:00:00+00:00,200.00016000000002,0.0,197.14623344005858,3.32,2.06,2023-02-14 12:00:00.000,2023-02-14 12:00:00,720.0,3.32,103660.0,2.06,200.00016000000002,4876.803901440001,1676372400.0,4949.8088957192285,8.583164835119739,5050.790969495517
2023-02-14 13:00:00+00:00,188.88904000000002,0.0,186.34340797585475,3.82,2.06,2023-02-14 13:00:00.000,2023-02-14 13:00:00,680.0,3.82,103630.0,2.06,188.88904000000002,4605.87035136,1676376000.0,4668.617488527929,8.794669345420832,4762.385859734254
2023-02-14 14:00:00+00:00,163.88902000000002,0.0,161.97263914445293,4.12,2.57,2023-02-14 14:00:00.000,2023-02-14 14:00:00,590.0,4.12,103570.0,2.57,163.88902000000002,3996.2698636800005,1676379600.0,4049.814420356769,8.327529542225305,4129.137106135917
2023-02-14 15:00:00+00:00,122.22232000000001,0.0,121.1565017476762,3.42,2.57,2023-02-14 15:00:00.000,2023-02-14 15:00:00,440.0,3.42,103520.0,2.57,122.22232000000001,2980.26905088,1676383200.0,3020.9361756472995,6.567033278290844,3080.3698184597615
2023-02-14 16:00:00+00:00,61.111160000000005,0.0,61.111160000000005,2.52,2.57,2023-02-14 16:00:00.000,2023-02-14 16:00:00,220.0,2.52,103490.0,2.57,61.111160000000005,1490.13452544,1676386800.0,1492.4465289497632,4.107031439537987,1531.4295628269024
2023-02-14 17:00:00+00:00,11.111120000000001,0.0,11.111120000000001,1.52,2.06,2023-02-14 17:00:00.000,2023-02-14 17:00:00,40.0,1.52,103490.0,2.06,11.111120000000001,270.93355008000003,1676390400.0,233.31546410954556,1.8165301652508035,263.0452171952584
2023-02-14 18:00:00+00:00,0.0,0.0,0.0,0.42,2.06,2023-02-14 18:00:00.000,2023-02-14 18:00:00,0.0,0.42,103470.0,2.06,0.0,0.0,1676394000.0,-3.0,0.42,0.0
2023-02-14 19:00:00+00:00,0.0,0.0,0.0,-0.18,2.06,2023-02-14 19:00:00.000,2023-02-14 19:00:00,0.0,-0.18,103470.0,2.06,0.0,0.0,1676397600.0,-3.0,-0.18,-0.0
2023-02-14 20:00:00+00:00,0.0,0.0,0.0,-0.78,2.06,2023-02-14 20:00:00.000,2023-02-14 20:00:00,0.0,-0.78,103460.0,2.06,0.0,0.0,1676401200.0,-3.0,-0.78,0.0
2023-02-14 21:00:00+00:00,0.0,0.0,0.0,-1.18,2.06,2023-02-14 21:00:00.000,2023-02-14 21:00:00,0.0,-1.18,103460.0,2.06,0.0,0.0,1676404800.0,-3.0,-1.18,0.0
2023-02-14 22:00:00+00:00,0.0,0.0,0.0,-1.38,2.06,2023-02-14 22:00:00.000,2023-02-14 22:00:00,0.0,-1.38,103470.0,2.06,0.0,0.0,1676408400.0,-3.0,-1.38,-0.0
2023-02-14 23:00:00+00:00,0.0,0.0,0.0,-1.68,2.06,2023-02-14 23:00:00.000,2023-02-14 23:00:00,0.0,-1.68,103440.0,2.06,0.0,0.0,1676412000.0,-3.0,-1.68,0.0
2023-02-15 00:00:00+00:00,0.0,0.0,0.0,-1.88,2.06,2023-02-15 00:00:00.000,2023-02-15 00:00:00,0.0,-1.88,103400.0,2.06,0.0,0.0,1676415600.0,-3.0,-1.88,0.0
2023-02-15 01:00:00+00:00,0.0,0.0,0.0,-1.98,2.06,2023-02-15 01:00:00.000,2023-02-15 01:00:00,0.0,-1.98,103370.0,2.06,0.0,0.0,1676419200.0,-3.0,-1.98,0.0
2023-02-15 02:00:00+00:00,0.0,0.0,0.0,-1.98,2.06,2023-02-15 02:00:00.000,2023-02-15 02:00:00,0.0,-1.98,103320.0,2.06,0.0,0.0,1676422800.0,-3.0,-1.98,0.0
2023-02-15 03:00:00+00:00,0.0,0.0,0.0,-2.18,2.06,2023-02-15 03:00:00.000,2023-02-15 03:00:00,0.0,-2.18,103270.0,2.06,0.0,0.0,1676426400.0,-3.0,-2.18,0.0
2023-02-15 04:00:00+00:00,0.0,0.0,0.0,-2.28,2.06,2023-02-15 04:00:00.000,2023-02-15 04:00:00,0.0,-2.28,103210.0,2.06,0.0,0.0,1676430000.0,-3.0,-2.28,0.0
2023-02-15 05:00:00+00:00,0.0,0.0,0.0,-2.28,2.06,2023-02-15 05:00:00.000,2023-02-15 05:00:00,0.0,-2.28,103210.0,2.06,0.0,0.0,1676433600.0,-3.0,-2.28,0.0
2023-02-15 06:00:00+00:00,0.0,0.0,0.0,-2.28,2.06,2023-02-15 06:00:00.000,2023-02-15 06:00:00,0.0,-2.28,103200.0,2.06,0.0,0.0,1676437200.0,-3.0,-2.28,0.0
2023-02-15 07:00:00+00:00,5.555560000000001,0.0,5.555560000000001,-2.08,2.06,2023-02-15 07:00:00.000,2023-02-15 07:00:00,20.0,-2.08,103210.0,2.06,5.555560000000001,135.46677504000002,1676440800.0,100.87234460579222,-1.9317349173745983,130.00448622535086
2023-02-15 08:00:00+00:00,55.555600000000005,0.0,55.33530004536103,-1.38,1.54,2023-02-15 08:00:00.000,2023-02-15 08:00:00,200.0,-1.38,103190.0,1.54,55.555600000000005,1354.6677504000002,1676444400.0,1365.5461870122328,0.13868790252188667,1403.5915110562812
2023-02-15 09:00:00+00:00,144.44456000000002,0.0,142.95533230664054,0.02,2.06,2023-02-15 09:00:00.000,2023-02-15 09:00:00,520.0,0.02,103190.0,2.06,144.44456000000002,3522.1361510400006,1676448000.0,3620.8021389914843,3.836080362939155,3691.559526114302
2023-02-15 10:00:00+00:00,222.22240000000002,0.0,218.6976007257764,1.62,2.06,2023-02-15 10:00:00.000,2023-02-15 10:00:00,800.0,1.62,103150.0,2.06,222.22240000000002,5418.671001600001,1676451600.0,5525.7004478464505,7.458741091237867,5642.719909540586
2023-02-15 11:00:00+00:00,288.88912000000005,0.0,282.70082529492726,2.92,2.06,2023-02-15 11:00:00.000,2023-02-15 11:00:00,1040.0,2.92,103080.0,2.06,288.88912000000005,7044.272302080001,1676455200.0,7094.834358596934,10.468506899740579,7263.273282095959
2023-02-15 12:00:00+00:00,283.33356000000003,0.0,277.46718214877563,4.12,2.57,2023-02-15 12:00:00.000,2023-02-15 12:00:00,1020.0,4.12,102990.0,2.57,283.33356000000003,6908.805527040001,1676458800.0,6940.329425307639,11.329281037400785,7103.058370630497
2023-02-15 13:00:00+00:00,291.6669,0.0,285.3012832899846,4.82,2.57,2023-02-15 13:00:00.000,2023-02-15 13:00:00,1050.0,4.82,102890.0,2.57,291.6669,7112.0056896,1676462400.0,7115.60864863705,12.233033507320549,7284.6591177077535
2023-02-15 14:00:00+00:00,250.00020000000004,0.0,245.53912591856079,5.22,2.57,2023-02-15 14:00:00.000,2023-02-15 14:00:00,900.0,5.22,102840.0,2.57,250.00020000000004,6096.004876800001,1676466000.0,6124.414924873672,11.599266621738053,6259.340054094244
2023-02-15 15:00:00+00:00,175.00014000000002,0.0,172.81421370009477,4.92,2.57,2023-02-15 15:00:00.000,2023-02-15 15:00:00,630.0,4.92,102810.0,2.57,175.00014000000002,4267.20341376,1676469600.0,4311.35339606498,9.409244926800188,4396.476034742302
2023-02-15 16:00:00+00:00,83.33340000000001,0.0,83.33340000000001,4.22,2.57,2023-02-15 16:00:00.000,2023-02-15 16:00:00,300.0,4.22,102810.0,2.57,83.33340000000001,2032.0016256000004,1676473200.0,2047.8083782787764,6.384133781188165,2092.8724469060376
2023-02-15 17:00:00+00:00,19.444460000000003,0.0,19.444460000000003,2.82,2.06,2023-02-15 17:00:00.000,2023-02-15 17:00:00,70.0,2.82,102850.0,2.06,19.444460000000003,474.13371264000006,1676476800.0,436.9856107270127,3.338927789188906,467.7895884221001
2023-02-15 18:00:00+00:00,0.0,0.0,0.0,1.32,2.06,2023-02-15 18:00:00.000,2023-02-15 18:00:00,0.0,1.32,102820.0,2.06,0.0,0.0,1676480400.0,-3.0,1.32,0.0
2023-02-15 19:00:00+00:00,0.0,0.0,0.0,0.42,2.06,2023-02-15 19:00:00.000,2023-02-15 19:00:00,0.0,0.42,102850.0,2.06,0.0,0.0,1676484000.0,-3.0,0.42,0.0
2023-02-15 20:00:00+00:00,0.0,0.0,0.0,-0.28,2.06,2023-02-15 20:00:00.000,2023-02-15 20:00:00,0.0,-0.28,102850.0,2.06,0.0,0.0,1676487600.0,-3.0,-0.28,0.0
2023-02-15 21:00:00+00:00,0.0,0.0,0.0,-0.58,2.06,2023-02-15 21:00:00.000,2023-02-15 21:00:00,0.0,-0.58,102870.0,2.06,0.0,0.0,1676491200.0,-3.0,-0.58,-0.0
2023-02-15 22:00:00+00:00,0.0,0.0,0.0,-0.88,2.06,2023-02-15 22:00:00.000,2023-02-15 22:00:00,0.0,-0.88,102830.0,2.06,0.0,0.0,1676494800.0,-3.0,-0.88,0.0
2023-02-15 23:00:00+00:00,0.0,0.0,0.0,-1.08,2.06,2023-02-15 23:00:00.000,2023-02-15 23:00:00,0.0,-1.08,102800.0,2.06,0.0,0.0,1676498400.0,-3.0,-1.08,0.0
2023-02-16 00:00:00+00:00,0.0,0.0,0.0,-1.18,2.06,2023-02-16 00:00:00.000,2023-02-16 00:00:00,0.0,-1.18,102810.0,2.06,0.0,0.0,1676502000.0,-3.0,-1.18,0.0
2023-02-16 01:00:00+00:00,0.0,0.0,0.0,-1.38,2.06,2023-02-16 01:00:00.000,2023-02-16 01:00:00,0.0,-1.38,102810.0,2.06,0.0,0.0,1676505600.0,-3.0,-1.38,-0.0
2023-02-16 02:00:00+00:00,0.0,0.0,0.0,-1.48,2.06,2023-02-16 02:00:00.000,2023-02-16 02:00:00,0.0,-1.48,102790.0,2.06,0.0,0.0,1676509200.0,-3.0,-1.48,0.0
2023-02-16 03:00:00+00:00,0.0,0.0,0.0,-1.58,2.06,2023-02-16 03:00:00.000,2023-02-16 03:00:00,0.0,-1.58,102780.0,2.06,0.0,0.0,1676512800.0,-3.0,-1.58,0.0
2023-02-16 04:00:00+00:00,0.0,0.0,0.0,-1.78,2.06,2023-02-16 04:00:00.000,2023-02-16 04:00:00,0.0,-1.78,102750.0,2.06,0.0,0.0,1676516400.0,-3.0,-1.78,0.0
2023-02-16 05:00:00+00:00,0.0,0.0,0.0,-2.08,2.06,2023-02-16 05:00:00.000,2023-02-16 05:00:00,0.0,-2.08,102750.0,2.06,0.0,0.0,1676520000.0,-3.0,-2.08,0.0
2023-02-16 06:00:00+00:00,0.0,0.0,0.0,-1.88,2.06,2023-02-16 06:00:00.000,2023-02-16 06:00:00,0.0,-1.88,102770.0,2.06,0.0,0.0,1676523600.0,-3.0,-1.88,0.0
2023-02-16 07:00:00+00:00,5.555560000000001,0.0,5.555560000000001,-1.68,2.06,2023-02-16 07:00:00.000,2023-02-16 07:00:00,20.0,-1.68,102800.0,2.06,5.555560000000001,135.46677504000002,1676527200.0,100.66111206074618,-1.5317349173745982,129.7657366577767
2023-02-16 08:00:00+00:00,55.555600000000005,0.0,55.33520876191325,-0.88,2.06,2023-02-16 08:00:00.000,2023-02-16 08:00:00,200.0,-0.88,102820.0,2.06,55.555600000000005,1354.6677504000002,1676530800.0,1363.0874605358779,0.5969070588922782,1401.0749028282812
2023-02-16 09:00:00+00:00,138.889,0.0,137.5115547619578,0.82,2.57,2023-02-16 09:00:00.000,2023-02-16 09:00:00,500.0,0.82,102830.0,2.57,138.889,3386.6693760000003,1676534400.0,3471.562919108414,4.391957042625798,3539.353781310401
2023-02-16 10:00:00+00:00,225.00018000000003,0.0,221.38521271728203,2.42,2.57,2023-02-16 10:00:00.000,2023-02-16 10:00:00,810.0,2.42,102810.0,2.57,225.00018000000003,5486.404389120001,1676538000.0,5580.534671804193,8.171484112958156,5699.089665080261
2023-02-16 11:00:00+00:00,283.33356000000003,0.0,277.46324862480554,4.02,3.09,2023-02-16 11:00:00.000,2023-02-16 11:00:00,1020.0,4.02,102780.0,3.09,283.33356000000003,6908.805527040001,1676541600.0,6947.6648361370935,11.03204816411367,7110.684930324241
2023-02-16 12:00:00+00:00,291.6669,0.0219803832387113,285.2959524611221,5.12,3.09,2023-02-16 12:00:00.000,2023-02-16 12:00:00,1050.0,5.12,102730.0,3.09,291.6669,7112.0056896,1676545200.0,7113.719527832367,12.330952682853926,7282.691578367549
2023-02-16 13:00:00+00:00,283.33356000000003,0.0,277.46324862480554,5.82,3.09,2023-02-16 13:00:00.000,2023-02-16 13:00:00,1020.0,5.82,102720.0,3.09,283.33356000000003,6908.805527040001,1676548800.0,6902.637262544729,12.83204816411367,7063.876350641101
2023-02-16 14:00:00+00:00,241.66686,0.0,237.4965067973034,6.02,3.6,2023-02-16 14:00:00.000,2023-02-16 14:00:00,870.0,6.02,102660.0,3.6,241.66686,5892.80471424,1676552400.0,5914.661430258005,11.861010141314761,6042.954374436374
2023-02-16 15:00:00+00:00,175.00014000000002,0.0,172.8133079400842,5.82,3.6,2023-02-16 15:00:00.000,2023-02-16 15:00:00,630.0,5.82,102630.0,3.6,175.00014000000002,4267.20341376,1676556000.0,4300.752153915592,10.069696975504673,4385.56882949158
2023-02-16 16:00:00+00:00,86.11118,0.0,86.11118,5.32,3.09,2023-02-16 16:00:00.000,2023-02-16 16:00:00,310.0,5.32,102620.0,3.09,86.11118,2099.73501312,1676559600.0,2110.0163362029457,7.495121330943388,2155.778509354623
2023-02-16 17:00:00+00:00,19.444460000000003,0.0,19.444460000000003,4.22,3.09,2023-02-16 17:00:00.000,2023-02-16 17:00:00,70.0,4.22,102660.0,3.09,19.444460000000003,474.13371264000006,1676563200.0,434.341850316227,4.711156429567861,465.03879692415137
2023-02-16 18:00:00+00:00,0.0,0.0,0.0,2.32,2.57,2023-02-16 18:00:00.000,2023-02-16 18:00:00,0.0,2.32,102700.0,2.57,0.0,0.0,1676566800.0,-3.0,2.32,0.0
2023-02-16 19:00:00+00:00,0.0,0.0,0.0,0.92,2.57,2023-02-16 19:00:00.000,2023-02-16 19:00:00,0.0,0.92,102720.0,2.57,0.0,0.0,1676570400.0,-3.0,0.92,-0.0
2023-02-16 20:00:00+00:00,0.0,0.0,0.0,0.32,2.57,2023-02-16 20:00:00.000,2023-02-16 20:00:00,0.0,0.32,102740.0,2.57,0.0,0.0,1676574000.0,-3.0,0.32,-0.0
2023-02-16 21:00:00+00:00,0.0,0.0,0.0,0.12,2.57,2023-02-16 21:00:00.000,2023-02-16 21:00:00,0.0,0.12,102770.0,2.57,0.0,0.0,1676577600.0,-3.0,0.12,-0.0
2023-02-16 22:00:00+00:00,0.0,0.0,0.0,-0.38,2.57,2023-02-16 22:00:00.000,2023-02-16 22:00:00,0.0,-0.38,102750.0,2.57,0.0,0.0,1676581200.0,-3.0,-0.38,0.0
2023-02-16 23:00:00+00:00,0.0,0.0,0.0,-0.38,2.57,2023-02-16 23:00:00.000,2023-02-16 23:00:00,0.0,-0.38,102760.0,2.57,0.0,0.0,1676584800.0,-3.0,-0.38,0.0
2023-02-17 00:00:00+00:00,0.0,0.0,0.0,-0.78,2.57,2023-02-17 00:00:00.000,2023-02-17 00:00:00,0.0,-0.78,102780.0,2.57,0.0,0.0,1676588400.0,-3.0,-0.78,0.0
2023-02-17 01:00:00+00:00,0.0,0.0,0.0,-0.88,2.57,2023-02-17 01:00:00.000,2023-02-17 01:00:00,0.0,-0.88,102760.0,2.57,0.0,0.0,1676592000.0,-3.0,-0.88,0.0
2023-02-17 02:00:00+00:00,0.0,0.0,0.0,-1.08,2.57,2023-02-17 02:00:00.000,2023-02-17 02:00:00,0.0,-1.08,102760.0,2.57,0.0,0.0,1676595600.0,-3.0,-1.08,0.0
2023-02-17 03:00:00+00:00,0.0,0.0,0.0,-1.08,2.57,2023-02-17 03:00:00.000,2023-02-17 03:00:00,0.0,-1.08,102750.0,2.57,0.0,0.0,1676599200.0,-3.0,-1.08,0.0
2023-02-17 04:00:00+00:00,0.0,0.0,0.0,-1.28,2.57,2023-02-17 04:00:00.000,2023-02-17 04:00:00,0.0,-1.28,102740.0,2.57,0.0,0.0,1676602800.0,-3.0,-1.28,0.0
2023-02-17 05:00:00+00:00,0.0,0.0,0.0,-1.38,2.57,2023-02-17 05:00:00.000,2023-02-17 05:00:00,0.0,-1.38,102740.0,2.57,0.0,0.0,1676606400.0,-3.0,-1.38,-0.0
2023-02-17 06:00:00+00:00,0.0,0.0,0.0,-1.28,2.57,2023-02-17 06:00:00.000,2023-02-17 06:00:00,0.0,-1.28,102750.0,2.57,0.0,0.0,1676610000.0,-3.0,-1.28,0.0
2023-02-17 07:00:00+00:00,5.555560000000001,0.0,5.555560000000001,-1.18,2.57,2023-02-17 07:00:00.000,2023-02-17 07:00:00,20.0,-1.18,102740.0,2.57,5.555560000000001,135.46677504000002,1676613600.0,100.39912928998248,-1.0357244145874556,129.46963898604582
2023-02-17 08:00:00+00:00,50.000040000000006,0.0,49.82144779362196,-0.48,2.57,2023-02-17 08:00:00.000,2023-02-17 08:00:00,180.0,-0.48,102740.0,2.57,50.000040000000006,1219.2009753600003,1676617200.0,1218.9762943642595,0.8139510949713071,1255.6265779173254
2023-02-17 09:00:00+00:00,127.77788000000001,0.0,126.61151855340756,1.02,3.09,2023-02-17 09:00:00.000,2023-02-17 09:00:00,460.0,1.02,102760.0,3.09,127.77788000000001,3115.7358259200005,1676620800.0,3189.7804423698217,4.218828816893175,3252.366783715055
2023-02-17 10:00:00+00:00,202.77794000000003,0.0,199.84053917349192,2.72,3.09,2023-02-17 10:00:00.000,2023-02-17 10:00:00,730.0,2.72,102760.0,3.09,202.77794000000003,4944.537288960001,1676624400.0,5033.958959472674,7.769603194259139,5137.24387237448
2023-02-17 11:00:00+00:00,261.11132000000003,0.0,256.2408239026036,4.02,3.6,2023-02-17 11:00:00.000,2023-02-17 11:00:00,940.0,4.02,102740.0,3.6,261.11132000000003,6366.938426880001,1676628000.0,6425.4650130270165,10.322223478444169,6570.370639731882
2023-02-17 12:00:00+00:00,286.11134000000004,0.0,280.08048392224805,6.02,3.6,2023-02-17 12:00:00.000,2023-02-17 12:00:00,1030.0,6.02,102710.0,3.6,286.11134000000004,6976.538914560001,1676631600.0,6966.685421223869,12.90896592462746,7130.227144464428
2023-02-17 13:00:00+00:00,275.00022,0.0,269.597805757064,6.42,3.6,2023-02-17 13:00:00.000,2023-02-17 13:00:00,990.0,6.42,102680.0,3.6,275.00022,6705.60536448,1676635200.0,6698.907167531382,13.05089775818946,6852.916968948346
2023-02-17 14:00:00+00:00,236.11130000000003,0.0,232.12880403987222,7.02,4.12,2023-02-17 14:00:00.000,2023-02-17 14:00:00,850.0,7.02,102620.0,4.12,236.11130000000003,5757.337939200001,1676638800.0,5763.419916200216,12.573821114596658,5887.016994129144
2023-02-17 15:00:00+00:00,166.66680000000002,0.0,164.68244215135502,6.82,3.6,2023-02-17 15:00:00.000,2023-02-17 15:00:00,600.0,6.82,102610.0,3.6,166.66680000000002,4064.0032512000007,1676642400.0,4080.6129214233647,10.86969131540867,4160.38179330081
2023-02-17 16:00:00+00:00,83.33340000000001,0.0,83.33340000000001,6.22,3.6,2023-02-17 16:00:00.000,2023-02-17 16:00:00,300.0,6.22,102620.0,3.6,83.33340000000001,2032.0016256000004,1676646000.0,2032.7714127376732,8.268665197207758,2077.495818476194
2023-02-17 17:00:00+00:00,19.444460000000003,0.0,19.444460000000003,5.12,3.6,2023-02-17 17:00:00.000,2023-02-17 17:00:00,70.0,5.12,102630.0,3.6,19.444460000000003,474.13371264000006,1676649600.0,432.6324518964869,5.598021879348477,463.2603044266936
2023-02-17 18:00:00+00:00,0.0,0.0,0.0,3.92,3.6,2023-02-17 18:00:00.000,2023-02-17 18:00:00,0.0,3.92,102650.0,3.6,0.0,0.0,1676653200.0,-3.0,3.92,0.0
2023-02-17 19:00:00+00:00,0.0,0.0,0.0,3.02,3.09,2023-02-17 19:00:00.000,2023-02-17 19:00:00,0.0,3.02,102670.0,3.09,0.0,0.0,1676656800.0,-3.0,3.02,0.0
2023-02-17 20:00:00+00:00,0.0,0.0,0.0,2.72,3.09,2023-02-17 20:00:00.000,2023-02-17 20:00:00,0.0,2.72,102680.0,3.09,0.0,0.0,1676660400.0,-3.0,2.72,0.0
2023-02-17 21:00:00+00:00,0.0,0.0,0.0,2.32,3.09,2023-02-17 21:00:00.000,2023-02-17 21:00:00,0.0,2.32,102690.0,3.09,0.0,0.0,1676664000.0,-3.0,2.32,0.0
2023-02-17 22:00:00+00:00,0.0,0.0,0.0,2.22,3.09,2023-02-17 22:00:00.000,2023-02-17 22:00:00,0.0,2.22,102670.0,3.09,0.0,0.0,1676667600.0,-3.0,2.22,0.0
2023-02-17 23:00:00+00:00,0.0,0.0,0.0,2.62,3.09,2023-02-17 23:00:00.000,2023-02-17 23:00:00,0.0,2.62,102670.0,3.09,0.0,0.0,1676671200.0,-3.0,2.62,0.0
2023-02-18 00:00:00+00:00,0.0,0.0,0.0,2.12,2.57,2023-02-18 00:00:00.000,2023-02-18 00:00:00,0.0,2.12,102710.0,2.57,0.0,0.0,1676674800.0,-3.0,2.12,0.0
2023-02-18 01:00:00+00:00,0.0,0.0,0.0,2.02,3.09,2023-02-18 01:00:00.000,2023-02-18 01:00:00,0.0,2.02,102690.0,3.09,0.0,0.0,1676678400.0,-3.0,2.02,-0.0
2023-02-18 02:00:00+00:00,0.0,0.0,0.0,1.52,3.09,2023-02-18 02:00:00.000,2023-02-18 02:00:00,0.0,1.52,102680.0,3.09,0.0,0.0,1676682000.0,-3.0,1.52,-0.0
2023-02-18 03:00:00+00:00,0.0,0.0,0.0,1.32,3.09,2023-02-18 03:00:00.000,2023-02-18 03:00:00,0.0,1.32,102670.0,3.09,0.0,0.0,1676685600.0,-3.0,1.32,0.0
2023-02-18 04:00:00+00:00,0.0,0.0,0.0,1.22,3.09,2023-02-18 04:00:00.000,2023-02-18 04:00:00,0.0,1.22,102670.0,3.09,0.0,0.0,1676689200.0,-3.0,1.22,-0.0
2023-02-18 05:00:00+00:00,0.0,0.0,0.0,1.22,3.09,2023-02-18 05:00:00.000,2023-02-18 05:00:00,0.0,1.22,102660.0,3.09,0.0,0.0,1676692800.0,-3.0,1.22,-0.0
2023-02-18 06:00:00+00:00,0.0,0.0,0.0,1.22,3.09,2023-02-18 06:00:00.000,2023-02-18 06:00:00,0.0,1.22,102680.0,3.09,0.0,0.0,1676696400.0,-3.0,1.22,-0.0
2023-02-18 07:00:00+00:00,5.555560000000001,0.0,5.555560000000001,1.52,2.57,2023-02-18 07:00:00.000,2023-02-18 07:00:00,20.0,1.52,102700.0,2.57,5.555560000000001,135.46677504000002,1676700000.0,98.97210885481748,1.6642755854125444,127.85705138850014
2023-02-18 08:00:00+00:00,52.777820000000006,0.0,52.57874760734573,2.12,3.09,2023-02-18 08:00:00.000,2023-02-18 08:00:00,190.0,2.12,102730.0,3.09,52.777820000000006,1286.9343628800002,1676703600.0,1276.9617237591326,3.448228371853817,1313.936144366076
2023-02-18 09:00:00+00:00,125.00010000000002,0.0,123.88341968109447,3.52,3.09,2023-02-18 09:00:00.000,2023-02-18 09:00:00,450.0,3.52,102720.0,3.09,125.00010000000002,3048.0024384000003,1676707200.0,3090.4005636763904,6.6498890944734015,3151.022941219434
2023-02-18 10:00:00+00:00,205.55572,0.0,202.53599583885097,5.12,3.6,2023-02-18 10:00:00.000,2023-02-18 10:00:00,740.0,5.12,102710.0,3.6,205.55572,5012.2706764800005,1676710800.0,5060.02697078889,10.100878721912853,5163.792983728101
2023-02-18 11:00:00+00:00,252.77798,0.0,248.21144680451513,6.02,4.12,2023-02-18 11:00:00.000,2023-02-18 11:00:00,910.0,6.02,102680.0,4.12,252.77798,6163.738264320001,1676714400.0,6184.1051916873375,11.958780857174217,6320.917729134488
2023-02-18 12:00:00+00:00,277.778,0.0,272.18274254767243,7.02,4.12,2023-02-18 12:00:00.000,2023-02-18 12:00:00,1000.0,7.02,102670.0,4.12,277.778,6773.338752000001,1676718000.0,6752.254398268719,13.532654902789885,6908.089004414758
2023-02-18 13:00:00+00:00,269.44466,0.0,264.25609450835435,7.32,4.12,2023-02-18 13:00:00.000,2023-02-18 13:00:00,970.0,7.32,102630.0,4.12,269.44466,6570.13858944,1676721600.0,6550.094880978919,13.64285322568415,6698.915892662357
2023-02-18 14:00:00+00:00,230.55574000000001,0.0,226.75682112743687,7.42,4.12,2023-02-18 14:00:00.000,2023-02-18 14:00:00,830.0,7.42,102610.0,4.12,230.55574000000001,5621.87116416,1676725200.0,5621.826744564187,12.845241913575684,5741.165813544184
2023-02-18 15:00:00+00:00,166.66680000000002,0.0,164.6815905441679,7.22,4.12,2023-02-18 15:00:00.000,2023-02-18 15:00:00,600.0,7.22,102580.0,4.12,166.66680000000002,4064.0032512000007,1676728800.0,4076.152171915249,11.159634696661684,4155.796272586809
2023-02-18 16:00:00+00:00,86.11118,0.0,86.11118,6.62,3.6,2023-02-18 16:00:00.000,2023-02-18 16:00:00,310.0,6.62,102570.0,3.6,86.11118,2099.73501312,1676732400.0,2099.787112799681,8.736954037114684,2145.31793075536
2023-02-18 17:00:00+00:00,19.444460000000003,0.0,19.444460000000003,5.62,3.6,2023-02-18 17:00:00.000,2023-02-18 17:00:00,70.0,5.62,102590.0,3.6,19.444460000000003,474.13371264000006,1676736000.0,431.668465476263,6.098021879348477,462.257391551602
2023-02-18 18:00:00+00:00,0.0,0.0,0.0,4.42,3.09,2023-02-18 18:00:00.000,2023-02-18 18:00:00,0.0,4.42,102610.0,3.09,0.0,0.0,1676739600.0,-3.0,4.42,0.0
2023-02-18 19:00:00+00:00,0.0,0.0,0.0,3.42,3.09,2023-02-18 19:00:00.000,2023-02-18 19:00:00,0.0,3.42,102620.0,3.09,0.0,0.0,1676743200.0,-3.0,3.42,-0.0
2023-02-18 20:00:00+00:00,0.0,0.0,0.0,3.12,3.09,2023-02-18 20:00:00.000,2023-02-18 20:00:00,0.0,3.12,102630.0,3.09,0.0,0.0,1676746800.0,-3.0,3.12,0.0
2023-02-18 21:00:00+00:00,0.0,0.0,0.0,2.82,3.09,2023-02-18 21:00:00.000,2023-02-18 21:00:00,0.0,2.82,102630.0,3.09,0.0,0.0,1676750400.0,-3.0,2.82,0.0
2023-02-18 22:00:00+00:00,0.0,0.0,0.0,2.72,3.09,2023-02-18 22:00:00.000,2023-02-18 22:00:00,0.0,2.72,102630.0,3.09,0.0,0.0,1676754000.0,-3.0,2.72,0.0
2023-02-18 23:00:00+00:00,0.0,0.0,0.0,2.52,3.09,2023-02-18 23:00:00.000,2023-02-18 23:00:00,0.0,2.52,102620.0,3.09,0.0,0.0,1676757600.0,-3.0,2.52,0.0
2023-02-19 00:00:00+00:00,0.0,0.0,0.0,2.32,3.09,2023-02-19 00:00:00.000,2023-02-19 00:00:00,0.0,2.32,102620.0,3.09,0.0,0.0,1676761200.0,-3.0,2.32,0.0
2023-02-19 01:00:00+00:00,0.0,0.0,0.0,2.22,3.09,2023-02-19 01:00:00.000,2023-02-19 01:00:00,0.0,2.22,102620.0,3.09,0.0,0.0,1676764800.0,-3.0,2.22,0.0
2023-02-19 02:00:00+00:00,0.0,0.0,0.0,2.12,3.09,2023-02-19 02:00:00.000,2023-02-19 02:00:00,0.0,2.12,102610.0,3.09,0.0,0.0,1676768400.0,-3.0,2.12,0.0
2023-02-19 03:00:00+00:00,0.0,0.0,0.0,1.82,3.09,2023-02-19 03:00:00.000,2023-02-19 03:00:00,0.0,1.82,102600.0,3.09,0.0,0.0,1676772000.0,-3.0,1.82,0.0
2023-02-19 04:00:00+00:00,0.0,0.0,0.0,1.82,2.57,2023-02-19 04:00:00.000,2023-02-19 04:00:00,0.0,1.82,102580.0,2.57,0.0,0.0,1676775600.0,-3.0,1.82,0.0
2023-02-19 05:00:00+00:00,0.0,0.0,0.0,1.72,2.57,2023-02-19 05:00:00.000,2023-02-19 05:00:00,0.0,1.72,102590.0,2.57,0.0,0.0,1676779200.0,-3.0,1.72,0.0
2023-02-19 06:00:00+00:00,0.0,0.0,0.0,1.02,2.57,2023-02-19 06:00:00.000,2023-02-19 06:00:00,0.0,1.02,102590.0,2.57,0.0,0.0,1676782800.0,-3.0,1.02,0.0
2023-02-19 07:00:00+00:00,5.555560000000001,0.0,5.555560000000001,1.12,2.57,2023-02-19 07:00:00.000,2023-02-19 07:00:00,20.0,1.12,102600.0,2.57,5.555560000000001,135.46677504000002,1676786400.0,99.18361790083739,1.2642755854125445,128.0960373002438
2023-02-19 08:00:00+00:00,52.777820000000006,0.0,52.578660741679236,1.72,3.09,2023-02-19 08:00:00.000,2023-02-19 08:00:00,190.0,1.72,102610.0,3.09,52.777820000000006,1286.9343628800002,1676790000.0,1279.002850208116,3.0482262291429194,1316.0256195753932
2023-02-19 09:00:00+00:00,127.77788000000001,0.0,126.61050883488437,2.82,3.09,2023-02-19 09:00:00.000,2023-02-19 09:00:00,460.0,2.82,102600.0,3.09,127.77788000000001,3115.7358259200005,1676793600.0,3168.342399411587,6.0188039102186455,3230.389034614076
2023-02-19 10:00:00+00:00,200.00016000000002,0.0,197.14021098300594,4.52,3.6,2023-02-19 10:00:00.000,2023-02-19 10:00:00,720.0,4.52,102590.0,3.6,200.00016000000002,4876.803901440001,1676797200.0,4935.425077694088,9.368136812305938,5035.95720000955
2023-02-19 11:00:00+00:00,247.22242000000003,0.0,242.85250175856288,5.52,3.6,2023-02-19 11:00:00.000,2023-02-19 11:00:00,890.0,5.52,102540.0,3.6,247.22242000000003,6028.27148928,1676800800.0,6058.605148149309,11.4927968028886,6191.44335168877
2023-02-19 12:00:00+00:00,272.22244,0.0,266.9240313658929,6.32,4.12,2023-02-19 12:00:00.000,2023-02-19 12:00:00,980.0,6.32,102510.0,4.12,272.22244,6637.87197696,1676804400.0,6639.82403131237,12.706721161316882,6791.812619719007
2023-02-19 13:00:00+00:00,263.88910000000004,0.0,258.9101185419808,6.72,4.12,2023-02-19 13:00:00.000,2023-02-19 13:00:00,950.0,6.72,102470.0,4.12,263.88910000000004,6434.6718144000015,1676808000.0,6432.629500638003,12.914881416493197,6577.540415070923
2023-02-19 14:00:00+00:00,222.22240000000002,0.0,218.6915987444518,6.82,4.12,2023-02-19 14:00:00.000,2023-02-19 14:00:00,800.0,6.82,102390.0,4.12,222.22240000000002,5418.671001600001,1676811600.0,5433.6875329642835,12.052203834779656,5547.62766229232
2023-02-19 15:00:00+00:00,166.66680000000002,0.0,164.68072429375414,6.52,4.12,2023-02-19 15:00:00.000,2023-02-19 15:00:00,600.0,6.52,102380.0,4.12,166.66680000000002,4064.0032512000007,1676815200.0,4086.8481640704613,10.459614465396436,4166.792056315969
2023-02-19 16:00:00+00:00,86.11118,0.0,86.11118,5.92,4.12,2023-02-19 16:00:00.000,2023-02-19 16:00:00,310.0,5.92,102380.0,4.12,86.11118,2099.73501312,1676818800.0,2106.027608292094,7.979432937221289,2151.6994740522377
2023-02-19 17:00:00+00:00,19.444460000000003,0.0,19.444460000000003,4.22,3.6,2023-02-19 17:00:00.000,2023-02-19 17:00:00,70.0,4.22,102440.0,3.6,19.444460000000003,474.13371264000006,1676822400.0,434.36716218495474,4.6980218793484765,465.0651326272075
2023-02-19 18:00:00+00:00,0.0,0.0,0.0,3.02,3.6,2023-02-19 18:00:00.000,2023-02-19 18:00:00,0.0,3.02,102460.0,3.6,0.0,0.0,1676826000.0,-3.0,3.02,0.0
2023-02-19 19:00:00+00:00,0.0,0.0,0.0,2.32,3.6,2023-02-19 19:00:00.000,2023-02-19 19:00:00,0.0,2.32,102450.0,3.6,0.0,0.0,1676829600.0,-3.0,2.32,0.0
2023-02-19 20:00:00+00:00,0.0,0.0,0.0,1.62,3.6,2023-02-19 20:00:00.000,2023-02-19 20:00:00,0.0,1.62,102470.0,3.6,0.0,0.0,1676833200.0,-3.0,1.62,0.0
2023-02-19 21:00:00+00:00,0.0,0.0,0.0,1.32,3.09,2023-02-19 21:00:00.000,2023-02-19 21:00:00,0.0,1.32,102470.0,3.09,0.0,0.0,1676836800.0,-3.0,1.32,0.0
2023-02-19 22:00:00+00:00,0.0,0.0,0.0,1.02,3.09,2023-02-19 22:00:00.000,2023-02-19 22:00:00,0.0,1.02,102470.0,3.09,0.0,0.0,1676840400.0,-3.0,1.02,0.0
2023-02-19 23:00:00+00:00,0.0,0.0,0.0,0.92,3.09,2023-02-19 23:00:00.000,2023-02-19 23:00:00,0.0,0.92,102540.0,3.09,0.0,0.0,1676844000.0,-3.0,0.92,-0.0
2023-02-20 00:00:00+00:00,0.0,0.0,0.0,0.82,3.09,2023-02-20 00:00:00.000,2023-02-20 00:00:00,0.0,0.82,102520.0,3.09,0.0,0.0,1676847600.0,-3.0,0.82,-0.0
2023-02-20 01:00:00+00:00,0.0,0.0,0.0,0.62,3.09,2023-02-20 01:00:00.000,2023-02-20 01:00:00,0.0,0.62,102510.0,3.09,0.0,0.0,1676851200.0,-3.0,0.62,0.0
2023-02-20 02:00:00+00:00,0.0,0.0,0.0,0.62,3.09,2023-02-20 02:00:00.000,2023-02-20 02:00:00,0.0,0.62,102500.0,3.09,0.0,0.0,1676854800.0,-3.0,0.62,0.0
2023-02-20 03:00:00+00:00,0.0,0.0,0.0,0.52,3.09,2023-02-20 03:00:00.000,2023-02-20 03:00:00,0.0,0.52,102480.0,3.09,0.0,0.0,1676858400.0,-3.0,0.52,-0.0
2023-02-20 04:00:00+00:00,0.0,0.0,0.0,0.42,3.09,2023-02-20 04:00:00.000,2023-02-20 04:00:00,0.0,0.42,102470.0,3.09,0.0,0.0,1676862000.0,-3.0,0.42,0.0
2023-02-20 05:00:00+00:00,0.0,0.0,0.0,-0.38,3.09,2023-02-20 05:00:00.000,2023-02-20 05:00:00,0.0,-0.38,102260.0,3.09,0.0,0.0,1676865600.0,-3.0,-0.38,0.0
2023-02-20 06:00:00+00:00,0.0,0.0,0.0,-0.38,3.09,2023-02-20 06:00:00.000,2023-02-20 06:00:00,0.0,-0.38,102280.0,3.09,0.0,0.0,1676869200.0,-3.0,-0.38,0.0
2023-02-20 07:00:00+00:00,5.555560000000001,0.0,5.555560000000001,0.02,3.09,2023-02-20 07:00:00.000,2023-02-20 07:00:00,20.0,0.02,102290.0,3.09,5.555560000000001,135.46677504000002,1676872800.0,99.76717676080557,0.16033040844796048,128.75545493213343
2023-02-20 08:00:00+00:00,55.555600000000005,0.0,55.33482707363508,0.72,3.09,2023-02-20 08:00:00.000,2023-02-20 08:00:00,200.0,0.72,102300.0,3.09,55.555600000000005,1354.6677504000002,1676876400.0,1354.9208571046577,2.117858290136391,1392.7165182100493
2023-02-20 09:00:00+00:00,133.33344000000002,0.0,132.06178794413805,1.72,3.6,2023-02-20 09:00:00.000,2023-02-20 09:00:00,480.0,1.72,102300.0,3.6,133.33344000000002,3251.202600960001,1676880000.0,3322.5026507003054,4.967335380038346,3387.4347072559067
2023-02-20 10:00:00+00:00,202.77794000000003,0.0,199.8366926885033,2.82,3.6,2023-02-20 10:00:00.000,2023-02-20 10:00:00,730.0,2.82,102290.0,3.6,202.77794000000003,4944.537288960001,1676883600.0,5034.507056816564,7.734473899469484,5137.809845865506
